timestamp,event,detail
2026-09-16T03:04:47.120Z,CAMPAIGN_START,seed=1003
2026-09-16T03:53:16.288Z,O1_CRASH,broker sonlandi
2026-09-16T04:14:51.937Z,O1_CRASH,broker sonlandi
2026-09-16T04:28:49.015Z,O1_CRASH,broker sonlandi
2026-09-16T04:28:54.565Z,O1_CRASH,broker sonlandi
2026-09-16T05:18:10.147Z,O1_CRASH,broker sonlandi
2026-09-16T06:26:30.842Z,O1_CRASH,broker sonlandi
2026-09-16T06:56:59.903Z,O1_CRASH,broker sonlandi
2026-09-16T07:02:50.279Z,O1_CRASH,broker sonlandi
2026-09-16T07:10:50.198Z,O1_CRASH,broker sonlandi
2026-09-16T07:12:18.912Z,O1_CRASH,broker sonlandi
2026-09-16T07:31:52.069Z,O1_CRASH,broker sonlandi
2026-09-16T08:04:48.499Z,CAMPAIGN_END,sent=1283989 anomalies=11
